{
  "id": "2660213",
  "name": "陶阳置业",
  "font_family": "iconfont",
  "css_prefix_text": "icon-",
  "description": "",
  "glyphs": [
    {
      "icon_id": "167190",
      "name": "链接",
      "font_class": "lianjie",
      "unicode": "e665",
      "unicode_decimal": 58981
    },
    {
      "icon_id": "1185485",
      "name": "微信",
      "font_class": "weixin",
      "unicode": "e63f",
      "unicode_decimal": 58943
    },
    {
      "icon_id": "6556747",
      "name": "朋友圈",
      "font_class": "pengyouquan",
      "unicode": "e615",
      "unicode_decimal": 58901
    },
    {
      "icon_id": "6756291",
      "name": "微博",
      "font_class": "weibo",
      "unicode": "e608",
      "unicode_decimal": 58888
    },
    {
      "icon_id": "16286932",
      "name": "QQ",
      "font_class": "QQ",
      "unicode": "e60f",
      "unicode_decimal": 58895
    },
    {
      "icon_id": "16322953",
      "name": "小程序",
      "font_class": "xiaochengxu",
      "unicode": "e706",
      "unicode_decimal": 59142
    },
    {
      "icon_id": "6151036",
      "name": "display-code",
      "font_class": "display-code",
      "unicode": "e792",
      "unicode_decimal": 59282
    },
    {
      "icon_id": "6151037",
      "name": "display-arrow-right",
      "font_class": "display-arrow-right",
      "unicode": "e793",
      "unicode_decimal": 59283
    },
    {
      "icon_id": "6151038",
      "name": "display-arrow-left",
      "font_class": "display-arrow-left",
      "unicode": "e794",
      "unicode_decimal": 59284
    },
    {
      "icon_id": "6151039",
      "name": "laptop-error",
      "font_class": "laptop-error",
      "unicode": "e795",
      "unicode_decimal": 59285
    },
    {
      "icon_id": "6151040",
      "name": "laptop-check",
      "font_class": "laptop-check",
      "unicode": "e796",
      "unicode_decimal": 59286
    },
    {
      "icon_id": "6151041",
      "name": "laptop",
      "font_class": "laptop",
      "unicode": "e797",
      "unicode_decimal": 59287
    },
    {
      "icon_id": "6151050",
      "name": "mobile-error",
      "font_class": "mobile-error",
      "unicode": "e798",
      "unicode_decimal": 59288
    },
    {
      "icon_id": "6151051",
      "name": "mobile-check",
      "font_class": "mobile-check",
      "unicode": "e799",
      "unicode_decimal": 59289
    },
    {
      "icon_id": "6151052",
      "name": "mobile-alt",
      "font_class": "mobile-alt",
      "unicode": "e79a",
      "unicode_decimal": 59290
    },
    {
      "icon_id": "6151059",
      "name": "aliwangwang",
      "font_class": "aliwangwang",
      "unicode": "e79d",
      "unicode_decimal": 59293
    },
    {
      "icon_id": "6151060",
      "name": "nail",
      "font_class": "nail",
      "unicode": "e79e",
      "unicode_decimal": 59294
    },
    {
      "icon_id": "6151061",
      "name": "nail-fixed",
      "font_class": "nail-fixed",
      "unicode": "e79f",
      "unicode_decimal": 59295
    },
    {
      "icon_id": "6151070",
      "name": "edit",
      "font_class": "edit",
      "unicode": "e7a0",
      "unicode_decimal": 59296
    },
    {
      "icon_id": "6151072",
      "name": "dollar",
      "font_class": "dollar",
      "unicode": "e7a1",
      "unicode_decimal": 59297
    },
    {
      "icon_id": "6151080",
      "name": "transanction",
      "font_class": "transanction",
      "unicode": "e7a2",
      "unicode_decimal": 59298
    },
    {
      "icon_id": "6151087",
      "name": "filter-fill",
      "font_class": "filter-fill",
      "unicode": "e7a3",
      "unicode_decimal": 59299
    },
    {
      "icon_id": "6151089",
      "name": "all-fill",
      "font_class": "all-fill",
      "unicode": "e7a4",
      "unicode_decimal": 59300
    },
    {
      "icon_id": "6151090",
      "name": "database plus-fill",
      "font_class": "databaseplus-fill",
      "unicode": "e7a5",
      "unicode_decimal": 59301
    },
    {
      "icon_id": "6151091",
      "name": "database-fill",
      "font_class": "database-fill",
      "unicode": "e7a6",
      "unicode_decimal": 59302
    },
    {
      "icon_id": "6151092",
      "name": "comment lines-fill",
      "font_class": "commentlines-fill",
      "unicode": "e7a7",
      "unicode_decimal": 59303
    },
    {
      "icon_id": "6151093",
      "name": "comment dots-fill",
      "font_class": "commentdots-fill",
      "unicode": "e7a8",
      "unicode_decimal": 59304
    },
    {
      "icon_id": "6151095",
      "name": "paper plane-fill",
      "font_class": "paperplane-fill",
      "unicode": "e7a9",
      "unicode_decimal": 59305
    },
    {
      "icon_id": "6151096",
      "name": "eye slash-fill",
      "font_class": "eyeslash-fill",
      "unicode": "e7aa",
      "unicode_decimal": 59306
    },
    {
      "icon_id": "6151097",
      "name": "eye-fill",
      "font_class": "eye-fill",
      "unicode": "e7ab",
      "unicode_decimal": 59307
    },
    {
      "icon_id": "6151098",
      "name": "lightbulb-fill",
      "font_class": "lightbulb-fill",
      "unicode": "e7ac",
      "unicode_decimal": 59308
    },
    {
      "icon_id": "6151099",
      "name": "flag-fill",
      "font_class": "flag-fill",
      "unicode": "e7ad",
      "unicode_decimal": 59309
    },
    {
      "icon_id": "6151100",
      "name": "tag-fill",
      "font_class": "tag-fill",
      "unicode": "e7ae",
      "unicode_decimal": 59310
    },
    {
      "icon_id": "6151101",
      "name": "position-fill",
      "font_class": "position-fill",
      "unicode": "e7af",
      "unicode_decimal": 59311
    },
    {
      "icon_id": "6151102",
      "name": "location-fill",
      "font_class": "location-fill",
      "unicode": "e7b0",
      "unicode_decimal": 59312
    },
    {
      "icon_id": "6151103",
      "name": "map-fill",
      "font_class": "map-fill",
      "unicode": "e7b1",
      "unicode_decimal": 59313
    },
    {
      "icon_id": "6151105",
      "name": "inbox in-fill",
      "font_class": "inboxin-fill",
      "unicode": "e7b2",
      "unicode_decimal": 59314
    },
    {
      "icon_id": "6151106",
      "name": "box-fill",
      "font_class": "box-fill",
      "unicode": "e7b3",
      "unicode_decimal": 59315
    },
    {
      "icon_id": "6151108",
      "name": "database set-fill",
      "font_class": "databaseset-fill",
      "unicode": "e7b4",
      "unicode_decimal": 59316
    },
    {
      "icon_id": "6151109",
      "name": "layer group-fill",
      "font_class": "layergroup-fill",
      "unicode": "e7b5",
      "unicode_decimal": 59317
    },
    {
      "icon_id": "6151111",
      "name": "cry-fill",
      "font_class": "cry-fill",
      "unicode": "e7b6",
      "unicode_decimal": 59318
    },
    {
      "icon_id": "6151113",
      "name": "smile-fill",
      "font_class": "smile-fill",
      "unicode": "e7b7",
      "unicode_decimal": 59319
    },
    {
      "icon_id": "6151115",
      "name": "unlock-fill",
      "font_class": "unlock-fill",
      "unicode": "e7b8",
      "unicode_decimal": 59320
    },
    {
      "icon_id": "6151117",
      "name": "lock-fill",
      "font_class": "lock-fill",
      "unicode": "e7b9",
      "unicode_decimal": 59321
    },
    {
      "icon_id": "6151118",
      "name": "align right-fill",
      "font_class": "alignright-fill",
      "unicode": "e7ba",
      "unicode_decimal": 59322
    },
    {
      "icon_id": "6151119",
      "name": "align left-fill",
      "font_class": "alignleft-fill",
      "unicode": "e7bb",
      "unicode_decimal": 59323
    },
    {
      "icon_id": "6151120",
      "name": "border bottom-fill",
      "font_class": "borderbottom-fill",
      "unicode": "e7bc",
      "unicode_decimal": 59324
    },
    {
      "icon_id": "6151121",
      "name": "border top-fill",
      "font_class": "bordertop-fill",
      "unicode": "e7bd",
      "unicode_decimal": 59325
    },
    {
      "icon_id": "6151122",
      "name": "align center-fill",
      "font_class": "aligncenter-fill",
      "unicode": "e7be",
      "unicode_decimal": 59326
    },
    {
      "icon_id": "6151123",
      "name": "border verticle-fill",
      "font_class": "borderverticle-fill",
      "unicode": "e7bf",
      "unicode_decimal": 59327
    },
    {
      "icon_id": "6151126",
      "name": "pic center-fill",
      "font_class": "piccenter-fill",
      "unicode": "e7c0",
      "unicode_decimal": 59328
    },
    {
      "icon_id": "6151127",
      "name": "pic side-fill",
      "font_class": "picside-fill",
      "unicode": "e7c1",
      "unicode_decimal": 59329
    },
    {
      "icon_id": "6151128",
      "name": "folder open-fill",
      "font_class": "folderopen-fill",
      "unicode": "e7c2",
      "unicode_decimal": 59330
    },
    {
      "icon_id": "6151129",
      "name": "folder plus-fill",
      "font_class": "folderplus-fill",
      "unicode": "e7c3",
      "unicode_decimal": 59331
    },
    {
      "icon_id": "6151130",
      "name": "folder-fill",
      "font_class": "folder-fill",
      "unicode": "e7c4",
      "unicode_decimal": 59332
    },
    {
      "icon_id": "6151132",
      "name": "file-SQL",
      "font_class": "file-SQL",
      "unicode": "e7c5",
      "unicode_decimal": 59333
    },
    {
      "icon_id": "6151133",
      "name": "file plus-fill",
      "font_class": "fileplus-fill",
      "unicode": "e7c6",
      "unicode_decimal": 59334
    },
    {
      "icon_id": "6151134",
      "name": "file-fill",
      "font_class": "file-fill",
      "unicode": "e7c7",
      "unicode_decimal": 59335
    },
    {
      "icon_id": "6151135",
      "name": "copy-fill",
      "font_class": "copy-fill",
      "unicode": "e7c8",
      "unicode_decimal": 59336
    },
    {
      "icon_id": "6151136",
      "name": "headset-fill",
      "font_class": "headset-fill",
      "unicode": "e7c9",
      "unicode_decimal": 59337
    },
    {
      "icon_id": "6151138",
      "name": "phone-fill",
      "font_class": "phone-fill",
      "unicode": "e7ca",
      "unicode_decimal": 59338
    },
    {
      "icon_id": "6151139",
      "name": "pause circle-fill",
      "font_class": "pausecircle-fill",
      "unicode": "e7cb",
      "unicode_decimal": 59339
    },
    {
      "icon_id": "6151140",
      "name": "stop circle-fill",
      "font_class": "stopcircle-fill",
      "unicode": "e7cc",
      "unicode_decimal": 59340
    },
    {
      "icon_id": "6151141",
      "name": "play circle-fill",
      "font_class": "playcircle-fill",
      "unicode": "e7cd",
      "unicode_decimal": 59341
    },
    {
      "icon_id": "6151143",
      "name": "delete-fill",
      "font_class": "delete-fill",
      "unicode": "e7ce",
      "unicode_decimal": 59342
    },
    {
      "icon_id": "6151144",
      "name": "picture-fill",
      "font_class": "picture-fill",
      "unicode": "e7cf",
      "unicode_decimal": 59343
    },
    {
      "icon_id": "6151145",
      "name": "mail-fill",
      "font_class": "mail-fill",
      "unicode": "e7d0",
      "unicode_decimal": 59344
    },
    {
      "icon_id": "6151146",
      "name": "heart-fill",
      "font_class": "heart-fill",
      "unicode": "e7d1",
      "unicode_decimal": 59345
    },
    {
      "icon_id": "6151147",
      "name": "collection-fill",
      "font_class": "collection-fill",
      "unicode": "e7d2",
      "unicode_decimal": 59346
    },
    {
      "icon_id": "6151149",
      "name": "user-group-fill",
      "font_class": "user-group-fill",
      "unicode": "e7d3",
      "unicode_decimal": 59347
    },
    {
      "icon_id": "6151150",
      "name": "user plus-fill",
      "font_class": "userplus-fill",
      "unicode": "e7d4",
      "unicode_decimal": 59348
    },
    {
      "icon_id": "6151151",
      "name": "user-fill",
      "font_class": "user-fill",
      "unicode": "e7d5",
      "unicode_decimal": 59349
    },
    {
      "icon_id": "6151152",
      "name": "cog-fill",
      "font_class": "cog-fill",
      "unicode": "e7d6",
      "unicode_decimal": 59350
    },
    {
      "icon_id": "6151154",
      "name": "clock-fill",
      "font_class": "clock-fill",
      "unicode": "e7d7",
      "unicode_decimal": 59351
    },
    {
      "icon_id": "6151155",
      "name": "calendar alt-fill",
      "font_class": "calendaralt-fill",
      "unicode": "e7d8",
      "unicode_decimal": 59352
    },
    {
      "icon_id": "6151157",
      "name": "cloud download-fill",
      "font_class": "clouddownload-fill",
      "unicode": "e7d9",
      "unicode_decimal": 59353
    },
    {
      "icon_id": "6151158",
      "name": "cloud upload-fill",
      "font_class": "cloudupload-fill",
      "unicode": "e7da",
      "unicode_decimal": 59354
    },
    {
      "icon_id": "6151159",
      "name": "exchange-fill",
      "font_class": "exchange-fill",
      "unicode": "e7db",
      "unicode_decimal": 59355
    },
    {
      "icon_id": "6151161",
      "name": "info-circle-fill",
      "font_class": "info-circle-fill",
      "unicode": "e7dc",
      "unicode_decimal": 59356
    },
    {
      "icon_id": "6151162",
      "name": "question-circle-fill",
      "font_class": "question-circle-fill",
      "unicode": "e7dd",
      "unicode_decimal": 59357
    },
    {
      "icon_id": "6151171",
      "name": "exclamation circle-f",
      "font_class": "exclamationcircle-f",
      "unicode": "e7de",
      "unicode_decimal": 59358
    },
    {
      "icon_id": "6151173",
      "name": "minus-circle-fill",
      "font_class": "minus-circle-fill",
      "unicode": "e7df",
      "unicode_decimal": 59359
    },
    {
      "icon_id": "6151174",
      "name": "plus-circle-fill",
      "font_class": "plus-circle-fill",
      "unicode": "e7e0",
      "unicode_decimal": 59360
    },
    {
      "icon_id": "6151176",
      "name": "times-circle-fill",
      "font_class": "times-circle-fill",
      "unicode": "e7e1",
      "unicode_decimal": 59361
    },
    {
      "icon_id": "6151177",
      "name": "check-circle-fill",
      "font_class": "check-circle-fill",
      "unicode": "e7e2",
      "unicode_decimal": 59362
    },
    {
      "icon_id": "6151178",
      "name": "compress alt-fill",
      "font_class": "compressalt-fill",
      "unicode": "e7e3",
      "unicode_decimal": 59363
    },
    {
      "icon_id": "6151181",
      "name": "expand alt-fill",
      "font_class": "expandalt-fill",
      "unicode": "e7e4",
      "unicode_decimal": 59364
    },
    {
      "icon_id": "6151187",
      "name": "filter",
      "font_class": "filter",
      "unicode": "e7e5",
      "unicode_decimal": 59365
    },
    {
      "icon_id": "6151188",
      "name": "all",
      "font_class": "all",
      "unicode": "e7e6",
      "unicode_decimal": 59366
    },
    {
      "icon_id": "6151192",
      "name": "database-plus",
      "font_class": "database-plus",
      "unicode": "e7e7",
      "unicode_decimal": 59367
    },
    {
      "icon_id": "6151193",
      "name": "database",
      "font_class": "database",
      "unicode": "e7e8",
      "unicode_decimal": 59368
    },
    {
      "icon_id": "6151195",
      "name": "comment-lines",
      "font_class": "comment-lines",
      "unicode": "e7e9",
      "unicode_decimal": 59369
    },
    {
      "icon_id": "6151196",
      "name": "comment-dots",
      "font_class": "comment-dots",
      "unicode": "e7ea",
      "unicode_decimal": 59370
    },
    {
      "icon_id": "6151198",
      "name": "paper-plane",
      "font_class": "paper-plane",
      "unicode": "e7eb",
      "unicode_decimal": 59371
    },
    {
      "icon_id": "6151208",
      "name": "eye-slash",
      "font_class": "eye-slash",
      "unicode": "e7ec",
      "unicode_decimal": 59372
    },
    {
      "icon_id": "6151209",
      "name": "eye",
      "font_class": "eye",
      "unicode": "e7ed",
      "unicode_decimal": 59373
    },
    {
      "icon_id": "6151210",
      "name": "lightbulb",
      "font_class": "lightbulb",
      "unicode": "e7ee",
      "unicode_decimal": 59374
    },
    {
      "icon_id": "6151211",
      "name": "flag",
      "font_class": "flag",
      "unicode": "e7ef",
      "unicode_decimal": 59375
    },
    {
      "icon_id": "6151212",
      "name": "tag",
      "font_class": "tag",
      "unicode": "e7f0",
      "unicode_decimal": 59376
    },
    {
      "icon_id": "6151214",
      "name": "position",
      "font_class": "position",
      "unicode": "e7f1",
      "unicode_decimal": 59377
    },
    {
      "icon_id": "6151215",
      "name": "location",
      "font_class": "location",
      "unicode": "e7f2",
      "unicode_decimal": 59378
    },
    {
      "icon_id": "6151216",
      "name": "map",
      "font_class": "map",
      "unicode": "e7f3",
      "unicode_decimal": 59379
    },
    {
      "icon_id": "6151218",
      "name": "inbox-in",
      "font_class": "inbox-in",
      "unicode": "e7f4",
      "unicode_decimal": 59380
    },
    {
      "icon_id": "6151219",
      "name": "box",
      "font_class": "box",
      "unicode": "e7f5",
      "unicode_decimal": 59381
    },
    {
      "icon_id": "6151221",
      "name": "database-set",
      "font_class": "database-set",
      "unicode": "e7f6",
      "unicode_decimal": 59382
    },
    {
      "icon_id": "6151223",
      "name": "layer-group",
      "font_class": "layer-group",
      "unicode": "e7f7",
      "unicode_decimal": 59383
    },
    {
      "icon_id": "6151224",
      "name": "wind-cry",
      "font_class": "wind-cry",
      "unicode": "e7f8",
      "unicode_decimal": 59384
    },
    {
      "icon_id": "6151225",
      "name": "wind-smile",
      "font_class": "wind-smile",
      "unicode": "e7f9",
      "unicode_decimal": 59385
    },
    {
      "icon_id": "6151227",
      "name": "unlock",
      "font_class": "unlock",
      "unicode": "e7fa",
      "unicode_decimal": 59386
    },
    {
      "icon_id": "6151228",
      "name": "lock",
      "font_class": "lock",
      "unicode": "e7fb",
      "unicode_decimal": 59387
    },
    {
      "icon_id": "6151230",
      "name": "align-right",
      "font_class": "align-right",
      "unicode": "e7fc",
      "unicode_decimal": 59388
    },
    {
      "icon_id": "6151231",
      "name": "align-left",
      "font_class": "align-left",
      "unicode": "e7fd",
      "unicode_decimal": 59389
    },
    {
      "icon_id": "6151232",
      "name": "border-bottom",
      "font_class": "border-bottom",
      "unicode": "e7fe",
      "unicode_decimal": 59390
    },
    {
      "icon_id": "6151233",
      "name": "border-top",
      "font_class": "border-top",
      "unicode": "e7ff",
      "unicode_decimal": 59391
    },
    {
      "icon_id": "6151234",
      "name": "align-center",
      "font_class": "align-center",
      "unicode": "e800",
      "unicode_decimal": 59392
    },
    {
      "icon_id": "6151236",
      "name": "border-verticle",
      "font_class": "border-verticle",
      "unicode": "e801",
      "unicode_decimal": 59393
    },
    {
      "icon_id": "6151237",
      "name": "pic-center",
      "font_class": "pic-center",
      "unicode": "e802",
      "unicode_decimal": 59394
    },
    {
      "icon_id": "6151238",
      "name": "pic-side",
      "font_class": "pic-side",
      "unicode": "e803",
      "unicode_decimal": 59395
    },
    {
      "icon_id": "6151239",
      "name": "folder-open",
      "font_class": "folder-open",
      "unicode": "e804",
      "unicode_decimal": 59396
    },
    {
      "icon_id": "6151241",
      "name": "folder-plus",
      "font_class": "folder-plus",
      "unicode": "e805",
      "unicode_decimal": 59397
    },
    {
      "icon_id": "6151242",
      "name": "folder",
      "font_class": "folder",
      "unicode": "e806",
      "unicode_decimal": 59398
    },
    {
      "icon_id": "6151251",
      "name": "file-SQL",
      "font_class": "file-SQL1",
      "unicode": "e807",
      "unicode_decimal": 59399
    },
    {
      "icon_id": "6151252",
      "name": "file-plus",
      "font_class": "file-plus",
      "unicode": "e808",
      "unicode_decimal": 59400
    },
    {
      "icon_id": "6151253",
      "name": "file",
      "font_class": "file",
      "unicode": "e809",
      "unicode_decimal": 59401
    },
    {
      "icon_id": "6151256",
      "name": "copy",
      "font_class": "copy",
      "unicode": "e80a",
      "unicode_decimal": 59402
    },
    {
      "icon_id": "6151257",
      "name": "headset",
      "font_class": "headset",
      "unicode": "e80b",
      "unicode_decimal": 59403
    },
    {
      "icon_id": "6151258",
      "name": "phone",
      "font_class": "phone",
      "unicode": "e80c",
      "unicode_decimal": 59404
    },
    {
      "icon_id": "6151260",
      "name": "pause circle",
      "font_class": "pausecircle",
      "unicode": "e80d",
      "unicode_decimal": 59405
    },
    {
      "icon_id": "6151261",
      "name": "stop circle",
      "font_class": "stopcircle",
      "unicode": "e80e",
      "unicode_decimal": 59406
    },
    {
      "icon_id": "6151262",
      "name": "play circle",
      "font_class": "playcircle",
      "unicode": "e80f",
      "unicode_decimal": 59407
    },
    {
      "icon_id": "6151263",
      "name": "delete",
      "font_class": "delete",
      "unicode": "e810",
      "unicode_decimal": 59408
    },
    {
      "icon_id": "6151264",
      "name": "picture",
      "font_class": "picture",
      "unicode": "e811",
      "unicode_decimal": 59409
    },
    {
      "icon_id": "6151265",
      "name": "mail",
      "font_class": "mail",
      "unicode": "e812",
      "unicode_decimal": 59410
    },
    {
      "icon_id": "6151266",
      "name": "like",
      "font_class": "like",
      "unicode": "e813",
      "unicode_decimal": 59411
    },
    {
      "icon_id": "6151267",
      "name": "collection",
      "font_class": "collection",
      "unicode": "e814",
      "unicode_decimal": 59412
    },
    {
      "icon_id": "6151268",
      "name": "user-group",
      "font_class": "user-group",
      "unicode": "e815",
      "unicode_decimal": 59413
    },
    {
      "icon_id": "6151270",
      "name": "account-plus",
      "font_class": "account-plus",
      "unicode": "e816",
      "unicode_decimal": 59414
    },
    {
      "icon_id": "6151272",
      "name": "account",
      "font_class": "account",
      "unicode": "e817",
      "unicode_decimal": 59415
    },
    {
      "icon_id": "6151273",
      "name": "cog",
      "font_class": "cog",
      "unicode": "e818",
      "unicode_decimal": 59416
    },
    {
      "icon_id": "6151275",
      "name": "clock",
      "font_class": "clock",
      "unicode": "e819",
      "unicode_decimal": 59417
    },
    {
      "icon_id": "6151276",
      "name": "calendar-alt",
      "font_class": "calendar-alt",
      "unicode": "e81a",
      "unicode_decimal": 59418
    },
    {
      "icon_id": "6151277",
      "name": "cloud download",
      "font_class": "clouddownload",
      "unicode": "e81b",
      "unicode_decimal": 59419
    },
    {
      "icon_id": "6151278",
      "name": "cloud upload",
      "font_class": "cloudupload",
      "unicode": "e81c",
      "unicode_decimal": 59420
    },
    {
      "icon_id": "6151279",
      "name": "exchange",
      "font_class": "exchange",
      "unicode": "e81d",
      "unicode_decimal": 59421
    },
    {
      "icon_id": "6151280",
      "name": "info-circle",
      "font_class": "info-circle",
      "unicode": "e81e",
      "unicode_decimal": 59422
    },
    {
      "icon_id": "6151281",
      "name": "question-circle",
      "font_class": "question-circle",
      "unicode": "e81f",
      "unicode_decimal": 59423
    },
    {
      "icon_id": "6151282",
      "name": "exclamation-circle",
      "font_class": "exclamation-circle",
      "unicode": "e820",
      "unicode_decimal": 59424
    },
    {
      "icon_id": "6151283",
      "name": "minus-circle",
      "font_class": "minus-circle",
      "unicode": "e821",
      "unicode_decimal": 59425
    },
    {
      "icon_id": "6151285",
      "name": "plus-circle",
      "font_class": "plus-circle",
      "unicode": "e822",
      "unicode_decimal": 59426
    },
    {
      "icon_id": "6151286",
      "name": "times-circle",
      "font_class": "times-circle",
      "unicode": "e823",
      "unicode_decimal": 59427
    },
    {
      "icon_id": "6151287",
      "name": "check-circle",
      "font_class": "check-circle",
      "unicode": "e824",
      "unicode_decimal": 59428
    },
    {
      "icon_id": "6151288",
      "name": "compress-alt",
      "font_class": "compress-alt",
      "unicode": "e825",
      "unicode_decimal": 59429
    },
    {
      "icon_id": "6151289",
      "name": "expand-alt",
      "font_class": "expand-alt",
      "unicode": "e826",
      "unicode_decimal": 59430
    },
    {
      "icon_id": "6151290",
      "name": "ban",
      "font_class": "ban",
      "unicode": "e827",
      "unicode_decimal": 59431
    },
    {
      "icon_id": "6151292",
      "name": "minus",
      "font_class": "minus",
      "unicode": "e828",
      "unicode_decimal": 59432
    },
    {
      "icon_id": "6151293",
      "name": "plus",
      "font_class": "plus",
      "unicode": "e829",
      "unicode_decimal": 59433
    },
    {
      "icon_id": "6151294",
      "name": "times",
      "font_class": "times",
      "unicode": "e82a",
      "unicode_decimal": 59434
    },
    {
      "icon_id": "6151295",
      "name": "check",
      "font_class": "check",
      "unicode": "e82b",
      "unicode_decimal": 59435
    },
    {
      "icon_id": "6151299",
      "name": "search-minus",
      "font_class": "search-minus",
      "unicode": "e82c",
      "unicode_decimal": 59436
    },
    {
      "icon_id": "6151300",
      "name": "search-plus",
      "font_class": "search-plus",
      "unicode": "e82d",
      "unicode_decimal": 59437
    },
    {
      "icon_id": "6151301",
      "name": "search",
      "font_class": "search",
      "unicode": "e82e",
      "unicode_decimal": 59438
    },
    {
      "icon_id": "6151304",
      "name": "reply",
      "font_class": "reply",
      "unicode": "e82f",
      "unicode_decimal": 59439
    },
    {
      "icon_id": "6151306",
      "name": "undo",
      "font_class": "undo",
      "unicode": "e830",
      "unicode_decimal": 59440
    },
    {
      "icon_id": "6151307",
      "name": "redo",
      "font_class": "redo",
      "unicode": "e831",
      "unicode_decimal": 59441
    },
    {
      "icon_id": "6151308",
      "name": "external-link",
      "font_class": "external-link",
      "unicode": "e832",
      "unicode_decimal": 59442
    },
    {
      "icon_id": "6151309",
      "name": "arrows-alt",
      "font_class": "arrows-alt",
      "unicode": "e833",
      "unicode_decimal": 59443
    },
    {
      "icon_id": "6151310",
      "name": "indent",
      "font_class": "indent",
      "unicode": "e834",
      "unicode_decimal": 59444
    },
    {
      "icon_id": "6151311",
      "name": "outdent",
      "font_class": "outdent",
      "unicode": "e835",
      "unicode_decimal": 59445
    },
    {
      "icon_id": "6151312",
      "name": "sort-line",
      "font_class": "sort-line",
      "unicode": "e836",
      "unicode_decimal": 59446
    },
    {
      "icon_id": "6151314",
      "name": "switch",
      "font_class": "switch",
      "unicode": "e837",
      "unicode_decimal": 59447
    },
    {
      "icon_id": "6151316",
      "name": "wind-descending",
      "font_class": "wind-descending",
      "unicode": "e838",
      "unicode_decimal": 59448
    },
    {
      "icon_id": "6151317",
      "name": "wind-ascending",
      "font_class": "wind-ascending",
      "unicode": "e839",
      "unicode_decimal": 59449
    },
    {
      "icon_id": "6151351",
      "name": "download",
      "font_class": "download",
      "unicode": "e83a",
      "unicode_decimal": 59450
    },
    {
      "icon_id": "6151353",
      "name": "upload",
      "font_class": "upload",
      "unicode": "e83b",
      "unicode_decimal": 59451
    },
    {
      "icon_id": "6151360",
      "name": "arrow-to-bottom",
      "font_class": "arrow-to-bottom",
      "unicode": "e83c",
      "unicode_decimal": 59452
    },
    {
      "icon_id": "6151361",
      "name": "arrow-to-top",
      "font_class": "arrow-to-top",
      "unicode": "e83d",
      "unicode_decimal": 59453
    },
    {
      "icon_id": "6151363",
      "name": "long-arrow-down",
      "font_class": "long-arrow-down",
      "unicode": "e83e",
      "unicode_decimal": 59454
    },
    {
      "icon_id": "6151364",
      "name": "long-arrow-up",
      "font_class": "long-arrow-up",
      "unicode": "e83f",
      "unicode_decimal": 59455
    },
    {
      "icon_id": "6151368",
      "name": "arrow-right",
      "font_class": "arrow-right",
      "unicode": "e840",
      "unicode_decimal": 59456
    },
    {
      "icon_id": "6151370",
      "name": "arrow-left",
      "font_class": "arrow-left",
      "unicode": "e841",
      "unicode_decimal": 59457
    },
    {
      "icon_id": "6151371",
      "name": "sort",
      "font_class": "sort",
      "unicode": "e842",
      "unicode_decimal": 59458
    },
    {
      "icon_id": "6151377",
      "name": "sort-down",
      "font_class": "sort-down",
      "unicode": "e843",
      "unicode_decimal": 59459
    },
    {
      "icon_id": "6151384",
      "name": "sort-up",
      "font_class": "sort-up",
      "unicode": "e844",
      "unicode_decimal": 59460
    },
    {
      "icon_id": "6151385",
      "name": "caret-right",
      "font_class": "caret-right",
      "unicode": "e845",
      "unicode_decimal": 59461
    },
    {
      "icon_id": "6151386",
      "name": "caret-left",
      "font_class": "caret-left",
      "unicode": "e846",
      "unicode_decimal": 59462
    },
    {
      "icon_id": "6151387",
      "name": "arrows-v",
      "font_class": "arrows-v",
      "unicode": "e847",
      "unicode_decimal": 59463
    },
    {
      "icon_id": "6151390",
      "name": "angle- double-down",
      "font_class": "angle-double-down",
      "unicode": "e848",
      "unicode_decimal": 59464
    },
    {
      "icon_id": "6151391",
      "name": "angle-double-up",
      "font_class": "angle-double-up",
      "unicode": "e849",
      "unicode_decimal": 59465
    },
    {
      "icon_id": "6151392",
      "name": "angle-double-right",
      "font_class": "angle-double-right",
      "unicode": "e84a",
      "unicode_decimal": 59466
    },
    {
      "icon_id": "6151393",
      "name": "angle-double-left",
      "font_class": "angle-double-left",
      "unicode": "e84b",
      "unicode_decimal": 59467
    },
    {
      "icon_id": "6151394",
      "name": "angle-down",
      "font_class": "angle-down",
      "unicode": "e84c",
      "unicode_decimal": 59468
    },
    {
      "icon_id": "6151395",
      "name": "angle-up",
      "font_class": "angle-up",
      "unicode": "e84d",
      "unicode_decimal": 59469
    },
    {
      "icon_id": "6151396",
      "name": "angle-right",
      "font_class": "angle-right",
      "unicode": "e84e",
      "unicode_decimal": 59470
    },
    {
      "icon_id": "6151456",
      "name": "angle-left",
      "font_class": "angle-left",
      "unicode": "e84f",
      "unicode_decimal": 59471
    },
    {
      "icon_id": "6168585",
      "name": "paperclip",
      "font_class": "paperclip",
      "unicode": "e850",
      "unicode_decimal": 59472
    },
    {
      "icon_id": "6172713",
      "name": "connection",
      "font_class": "connection",
      "unicode": "e851",
      "unicode_decimal": 59473
    },
    {
      "icon_id": "6172717",
      "name": "training",
      "font_class": "training",
      "unicode": "e853",
      "unicode_decimal": 59475
    },
    {
      "icon_id": "6172721",
      "name": "process",
      "font_class": "process",
      "unicode": "e854",
      "unicode_decimal": 59476
    },
    {
      "icon_id": "6172722",
      "name": "news",
      "font_class": "news",
      "unicode": "e855",
      "unicode_decimal": 59477
    },
    {
      "icon_id": "6172724",
      "name": "save",
      "font_class": "save",
      "unicode": "e856",
      "unicode_decimal": 59478
    },
    {
      "icon_id": "6172748",
      "name": "print",
      "font_class": "print",
      "unicode": "e857",
      "unicode_decimal": 59479
    },
    {
      "icon_id": "6172751",
      "name": "new-releases",
      "font_class": "new-releases",
      "unicode": "e858",
      "unicode_decimal": 59480
    },
    {
      "icon_id": "6172758",
      "name": "release",
      "font_class": "release",
      "unicode": "e85a",
      "unicode_decimal": 59482
    },
    {
      "icon_id": "6172762",
      "name": "alert",
      "font_class": "alert",
      "unicode": "e85b",
      "unicode_decimal": 59483
    },
    {
      "icon_id": "6172770",
      "name": "backspace",
      "font_class": "backspace",
      "unicode": "e85c",
      "unicode_decimal": 59484
    },
    {
      "icon_id": "6172775",
      "name": "gem",
      "font_class": "gem",
      "unicode": "e85d",
      "unicode_decimal": 59485
    },
    {
      "icon_id": "6172776",
      "name": "integral",
      "font_class": "integral",
      "unicode": "e85e",
      "unicode_decimal": 59486
    },
    {
      "icon_id": "6172777",
      "name": "star-circle",
      "font_class": "star-circle",
      "unicode": "e85f",
      "unicode_decimal": 59487
    },
    {
      "icon_id": "6172778",
      "name": "user-circle",
      "font_class": "user-circle",
      "unicode": "e860",
      "unicode_decimal": 59488
    },
    {
      "icon_id": "6172783",
      "name": "cloud-machine-fill",
      "font_class": "cloud-machine-fill",
      "unicode": "e861",
      "unicode_decimal": 59489
    },
    {
      "icon_id": "6172784",
      "name": "cloud-machine",
      "font_class": "cloud-machine",
      "unicode": "e862",
      "unicode_decimal": 59490
    },
    {
      "icon_id": "6172785",
      "name": "terminal-fill",
      "font_class": "terminal-fill",
      "unicode": "e863",
      "unicode_decimal": 59491
    },
    {
      "icon_id": "6172786",
      "name": "terminal",
      "font_class": "terminal",
      "unicode": "e864",
      "unicode_decimal": 59492
    },
    {
      "icon_id": "6173016",
      "name": "shopping-cart-fill",
      "font_class": "shopping-cart-fill",
      "unicode": "e865",
      "unicode_decimal": 59493
    },
    {
      "icon_id": "6228652",
      "name": "resource",
      "font_class": "resource",
      "unicode": "e867",
      "unicode_decimal": 59495
    },
    {
      "icon_id": "6303226",
      "name": "rank",
      "font_class": "rank",
      "unicode": "e86a",
      "unicode_decimal": 59498
    },
    {
      "icon_id": "6343820",
      "name": "sync-alt",
      "font_class": "sync-alt",
      "unicode": "e86b",
      "unicode_decimal": 59499
    },
    {
      "icon_id": "6343821",
      "name": "compass",
      "font_class": "compass",
      "unicode": "e86c",
      "unicode_decimal": 59500
    },
    {
      "icon_id": "6343822",
      "name": "arrow-alt- from-top",
      "font_class": "arrow-alt-from-top",
      "unicode": "e86d",
      "unicode_decimal": 59501
    },
    {
      "icon_id": "6343823",
      "name": "arrow-alt-from-botto",
      "font_class": "arrow-alt-from-botto",
      "unicode": "e86e",
      "unicode_decimal": 59502
    },
    {
      "icon_id": "6343824",
      "name": "menu",
      "font_class": "menu",
      "unicode": "e86f",
      "unicode_decimal": 59503
    },
    {
      "icon_id": "6353291",
      "name": "icon-drag",
      "font_class": "icon-drag",
      "unicode": "e870",
      "unicode_decimal": 59504
    },
    {
      "icon_id": "6353292",
      "name": "early-warning",
      "font_class": "early-warning",
      "unicode": "e871",
      "unicode_decimal": 59505
    },
    {
      "icon_id": "6353293",
      "name": "share",
      "font_class": "share",
      "unicode": "e872",
      "unicode_decimal": 59506
    },
    {
      "icon_id": "6353306",
      "name": "share",
      "font_class": "share1",
      "unicode": "e873",
      "unicode_decimal": 59507
    },
    {
      "icon_id": "6861314",
      "name": "management",
      "font_class": "management-",
      "unicode": "e874",
      "unicode_decimal": 59508
    },
    {
      "icon_id": "6863066",
      "name": "accesskeys",
      "font_class": "accesskeys",
      "unicode": "e875",
      "unicode_decimal": 59509
    },
    {
      "icon_id": "7357537",
      "name": "arrow-sort down-small",
      "font_class": "arrow-sortdown-smal",
      "unicode": "e877",
      "unicode_decimal": 59511
    },
    {
      "icon_id": "7410218",
      "name": "minus-square-fill",
      "font_class": "minus-square-fill",
      "unicode": "e878",
      "unicode_decimal": 59512
    },
    {
      "icon_id": "7410219",
      "name": "plus-square-fill",
      "font_class": "plus-square-fill",
      "unicode": "e879",
      "unicode_decimal": 59513
    },
    {
      "icon_id": "7410220",
      "name": "minus-square",
      "font_class": "minus-square",
      "unicode": "e87a",
      "unicode_decimal": 59514
    },
    {
      "icon_id": "7410222",
      "name": "plus-square",
      "font_class": "plus-square",
      "unicode": "e87b",
      "unicode_decimal": 59515
    },
    {
      "icon_id": "7906283",
      "name": "step mode",
      "font_class": "stepmode",
      "unicode": "e87d",
      "unicode_decimal": 59517
    },
    {
      "icon_id": "7906284",
      "name": "scrolling mode",
      "font_class": "scrollingmode",
      "unicode": "e87e",
      "unicode_decimal": 59518
    },
    {
      "icon_id": "8268337",
      "name": "shopping cart",
      "font_class": "shoppingcart",
      "unicode": "e881",
      "unicode_decimal": 59521
    },
    {
      "icon_id": "8305716",
      "name": "waiting-fill",
      "font_class": "waiting-fill",
      "unicode": "e882",
      "unicode_decimal": 59522
    },
    {
      "icon_id": "8305718",
      "name": "waiting",
      "font_class": "waiting",
      "unicode": "e883",
      "unicode_decimal": 59523
    },
    {
      "icon_id": "8307796",
      "name": "right-arrow-rect",
      "font_class": "right-arrow-rect",
      "unicode": "e884",
      "unicode_decimal": 59524
    },
    {
      "icon_id": "8307800",
      "name": "left-arrow-rect",
      "font_class": "left-arrow-rect",
      "unicode": "e885",
      "unicode_decimal": 59525
    },
    {
      "icon_id": "8623603",
      "name": "bell",
      "font_class": "bell",
      "unicode": "e887",
      "unicode_decimal": 59527
    },
    {
      "icon_id": "8762555",
      "name": "structured data",
      "font_class": "structured-data",
      "unicode": "e888",
      "unicode_decimal": 59528
    },
    {
      "icon_id": "6150957",
      "name": "drag",
      "font_class": "drag",
      "unicode": "e769",
      "unicode_decimal": 59241
    },
    {
      "icon_id": "8762556",
      "name": "vector",
      "font_class": "vector",
      "unicode": "e889",
      "unicode_decimal": 59529
    },
    {
      "icon_id": "6150958",
      "name": "ellipsis-v",
      "font_class": "ellipsis-vertical",
      "unicode": "e76a",
      "unicode_decimal": 59242
    },
    {
      "icon_id": "9009443",
      "name": "NEW",
      "font_class": "NEW-copy",
      "unicode": "e88a",
      "unicode_decimal": 59530
    },
    {
      "icon_id": "6150959",
      "name": "gallery-view",
      "font_class": "gallery-view",
      "unicode": "e76b",
      "unicode_decimal": 59243
    },
    {
      "icon_id": "9009475",
      "name": "HOT",
      "font_class": "HOT-copy",
      "unicode": "e88b",
      "unicode_decimal": 59531
    },
    {
      "icon_id": "6150960",
      "name": "WIFI",
      "font_class": "WIFI",
      "unicode": "e76c",
      "unicode_decimal": 59244
    },
    {
      "icon_id": "9066652",
      "name": "home",
      "font_class": "home",
      "unicode": "e88c",
      "unicode_decimal": 59532
    },
    {
      "icon_id": "6150961",
      "name": "bug-report",
      "font_class": "bug-report",
      "unicode": "e76d",
      "unicode_decimal": 59245
    },
    {
      "icon_id": "9340469",
      "name": "monitoring",
      "font_class": "monitoring",
      "unicode": "e88e",
      "unicode_decimal": 59534
    },
    {
      "icon_id": "6150962",
      "name": "qrcode",
      "font_class": "qrcode",
      "unicode": "e76e",
      "unicode_decimal": 59246
    },
    {
      "icon_id": "9340470",
      "name": "diagnose",
      "font_class": "diagnose",
      "unicode": "e88f",
      "unicode_decimal": 59535
    },
    {
      "icon_id": "6150963",
      "name": "scan",
      "font_class": "scan",
      "unicode": "e76f",
      "unicode_decimal": 59247
    },
    {
      "icon_id": "10273624",
      "name": "loading",
      "font_class": "loading",
      "unicode": "e891",
      "unicode_decimal": 59537
    },
    {
      "icon_id": "6150964",
      "name": "cut",
      "font_class": "cut",
      "unicode": "e770",
      "unicode_decimal": 59248
    },
    {
      "icon_id": "11307823",
      "name": "Directory tree",
      "font_class": "Directory-tree",
      "unicode": "e892",
      "unicode_decimal": 59538
    },
    {
      "icon_id": "6150965",
      "name": "gift",
      "font_class": "gift",
      "unicode": "e771",
      "unicode_decimal": 59249
    },
    {
      "icon_id": "12253601",
      "name": "application",
      "font_class": "application",
      "unicode": "e89e",
      "unicode_decimal": 59550
    },
    {
      "icon_id": "6150966",
      "name": "link",
      "font_class": "link",
      "unicode": "e772",
      "unicode_decimal": 59250
    },
    {
      "icon_id": "12253602",
      "name": "application  group",
      "font_class": "applicationgroup",
      "unicode": "e89f",
      "unicode_decimal": 59551
    },
    {
      "icon_id": "6150968",
      "name": "poweroff",
      "font_class": "poweroff",
      "unicode": "e774",
      "unicode_decimal": 59252
    },
    {
      "icon_id": "6150969",
      "name": "key",
      "font_class": "key",
      "unicode": "e775",
      "unicode_decimal": 59253
    },
    {
      "icon_id": "6150970",
      "name": "safety-certificate",
      "font_class": "safety-certificate",
      "unicode": "e776",
      "unicode_decimal": 59254
    },
    {
      "icon_id": "6150971",
      "name": "supervise",
      "font_class": "supervise",
      "unicode": "e777",
      "unicode_decimal": 59255
    },
    {
      "icon_id": "6151018",
      "name": "tag-subscipt",
      "font_class": "tag-subscipt",
      "unicode": "e78a",
      "unicode_decimal": 59274
    },
    {
      "icon_id": "6151030",
      "name": "chart-pie-alt",
      "font_class": "chart-pie-alt",
      "unicode": "e78c",
      "unicode_decimal": 59276
    },
    {
      "icon_id": "6151031",
      "name": "chart-relation",
      "font_class": "chart-relation",
      "unicode": "e78d",
      "unicode_decimal": 59277
    },
    {
      "icon_id": "6151032",
      "name": "chart-scatter-plot",
      "font_class": "chart-scatter-plot",
      "unicode": "e78e",
      "unicode_decimal": 59278
    },
    {
      "icon_id": "6151033",
      "name": "chart-area",
      "font_class": "chart-area",
      "unicode": "e78f",
      "unicode_decimal": 59279
    },
    {
      "icon_id": "6151034",
      "name": "chart-line",
      "font_class": "chart-line",
      "unicode": "e790",
      "unicode_decimal": 59280
    },
    {
      "icon_id": "6151035",
      "name": "chart-bar",
      "font_class": "chart-bar",
      "unicode": "e791",
      "unicode_decimal": 59281
    }
  ]
}
